{"notes": {"C": [0, 16.3516015625], "C#": [1, 17.32390625], "D": [2, 18.3540234375], "D#": [3, 19.4454296875], "E": [4, 20.60171875], "F": [5, 21.8267578125], "F#": [6, 23.1246484375], "G": [7, 24.4997265625], "G#": [8, 25.9565625], "A": [9, 27.5], "A#": [10, 29.135234375], "B": [11, 30.8676953125]}, "scales": {"Ionian": [2, 4, 5, 7, 9, 11], "Lydian": [2, 4, 6, 7, 9, 11], "Mixolydian": [2, 4, 5, 7, 9, 10], "Dorian": [2, 3, 5, 7, 9, 10], "Aeolian": [2, 3, 5, 7, 8, 10], "Phrygian": [1, 3, 5, 7, 8, 10], "Locrian": [1, 3, 5, 6, 8, 10]}, "chords": {"quinta": [0, 7], "mayor": [0, 4, 7], "menor": [0, 3, 7], "aumentado": [0, 4, 8], "disminuido": [0, 3, 6], "suspendido": [0, 5, 7], "con segunda suspendida": [0, 2, 7], "s\u00e9ptima": [0, 4, 7, 10], "s\u00e9ptima con quinta disminuida": [0, 4, 6, 10], "s\u00e9ptima con quinta aumentada": [0, 4, 8, 10], "s\u00e9ptima con cuarta suspendida": [0, 5, 7, 10], "menor s\u00e9ptima": [0, 3, 7, 10], "menor s\u00e9ptima con quinta bemol": [0, 3, 6, 10], "menor s\u00e9ptima con quinta aumentada": [0, 3, 8, 10], "sexta": [0, 4, 7, 9], "menor sexta": [0, 3, 7, 9], "sexta con cuarta suspendida": [0, 5, 7, 9], "s\u00e9ptima mayor": [0, 4, 7, 11], "menor s\u00e9ptima mayor": [0, 3, 7, 11], "sexta con novena [a\u00f1adida]": [0, 4, 7, 9, 14], "menor sexta con novena [a\u00f1adida]": [0, 3, 7, 9, 14], "s\u00e9ptima con novena bemol [a\u00f1adida]": [0, 4, 7, 10, 13], "s\u00e9ptima con novena aumentada [a\u00f1adida]": [0, 4, 7, 10, 15], "menor s\u00e9ptima con novena bemol [a\u00f1adida]": [0, 3, 7, 10, 13], "s\u00e9ptima con oncena [a\u00f1adida]": [0, 4, 7, 10, 17], "s\u00e9ptima con trecena [a\u00f1adida]": [0, 4, 7, 10, 21], "novena": [0, 4, 7, 10, 14], "menor novena": [0, 3, 7, 10, 14], "novena con quinta bemol": [0, 4, 6, 10, 14], "novena con quinta aumentada": [0, 4, 8, 10, 14], "novena con cuarta suspendida": [0, 5, 7, 10, 14], "mayor novena": [0, 4, 7, 11, 14], "menor novena mayor": [0, 3, 7, 11, 14], "novena con sexta [a\u00f1adida]": [0, 4, 7, 9, 10, 14], "novena con oncena aumentada [a\u00f1adida]": [0, 4, 7, 10, 14, 18], "novena mayor con und\u00e9cima aumentada [a\u00f1adida]": [0, 4, 7, 11, 14, 18], "und\u00e9cima": [0, 4, 7, 10, 14, 17], "menor und\u00e9cima": [0, 3, 7, 10, 14, 17], "und\u00e9cima con novena bemol": [0, 4, 7, 10, 13, 17], "und\u00e9cima con novena aumentada": [0, 4, 7, 10, 15, 17], "und\u00e9cima mayor": [0, 4, 7, 11, 14, 17], "menor und\u00e9cima mayor": [0, 3, 7, 11, 14, 17], "menor decimotercera": [0, 3, 7, 10, 14, 17, 21], "decimotercera con cuarta suspendida": [0, 5, 7, 10, 14, 21], "decimotercera con quinta bemol": [0, 4, 6, 10, 14, 17, 21], "decimotercera con quinta aumentada": [0, 4, 8, 10, 14, 17, 21], "treceava con novena bemol": [0, 4, 7, 10, 13, 17, 21], "decimotercera con novena aumentada": [0, 4, 7, 10, 15, 17, 21], "decimotercera con quinta y novena bemoles": [0, 4, 6, 10, 13, 17, 21], "decimotercera con quinta bemol y novena aumentada": [0, 4, 6, 10, 15, 17, 21], "decimotercera con quinta aumentada y novena bemol": [0, 4, 8, 10, 13, 17, 21], "decimotercera con quinta y novena aumentadas": [0, 4, 8, 10, 15, 17, 21], "decimotercera mayor": [0, 4, 7, 11, 14, 17, 21], "menor decimotercera mayor": [0, 3, 7, 11, 14, 17, 21], "decimotercera mayor con quinta bemol": [0, 4, 6, 11, 14, 17, 21], "decimotercera mayor con quinta aumentada": [0, 4, 8, 11, 14, 17, 21], "decimotercera mayor con novena bemol": [0, 4, 7, 11, 13, 17, 21], "decimotercera mayor con novena aumentada": [0, 4, 7, 11, 15, 17, 21], "decimotercera mayor con quinta y novena bemoles": [0, 4, 6, 11, 13, 17, 21], "decimotercera mayor con quinta bemol y novena aumentada": [0, 4, 6, 11, 15, 17, 21], "decimotercera mayor con quinta aumentada y novena bemol": [0, 4, 8, 11, 13, 17, 21], "decimotercera mayor con quinta y novena aumentadas": [0, 4, 8, 11, 15, 17, 21]}}